{"1": {"svm train": [0.3445656302566607, 0.3572749173623172, 0.34688095886679376, 0.36923604365464835, 0.34653358510925275, 0.3506186417376959, 0.34551495016611294, 0.34548018003362074, 0.3465680409006853, 0.3447628246404808], "svm test": [0.37539432176656157, 0.2977437550362611, 0.36639676113360325, 0.2480565371024735, 0.3986636971046771, 0.32199440820130476, 0.42600359496704615, 0.36455026455026457, 0.3506426735218509, 0.40117994100294985], "rf train": [0.978512127624939, 0.9788223429884028, 0.9787523835467176, 0.978629792583281, 0.9789047747504721, 0.9781688204564202, 0.977119279819955, 0.9797191041700558, 0.9795496573479822, 0.9790191028117622], "rf test": [0.7076761303890642, 0.5991136180499597, 0.6826923076923077, 0.5024734982332155, 0.7104677060133631, 0.6435228331780056, 0.7345715997603355, 0.6761904761904762, 0.6524421593830334, 0.7073746312684367]}, "2": {"svm train": [0.7570676650930599, 0.7660373130147347, 0.7561427403977118, 0.7864122050168562, 0.7553817102778527, 0.7600769865273576, 0.7557067838388168, 0.757605335936229, 0.7593277493745241, 0.756546469199399], "svm test": [0.8012618296529969, 0.636986301369863, 0.7611336032388665, 0.5321554770318021, 0.8034521158129176, 0.6961789375582479, 0.8376273217495507, 0.7518518518518519, 0.7280205655526993, 0.8029498525073746], "rf train": [0.9949536057300993, 0.9947335985209256, 0.9942250068101335, 0.9945717387577853, 0.9945508497437281, 0.9946659334616442, 0.9941056692744614, 0.9934385337020769, 0.9940715761992821, 0.9940974458038205], "rf test": [0.841745531019979, 0.7320709105560033, 0.8183198380566801, 0.6243816254416961, 0.8619153674832962, 0.7875116495806151, 0.8562013181545836, 0.8206349206349206, 0.8149100257069409, 0.8560471976401178]}, "3": {"svm train": [0.9794345867925552, 0.979998879489047, 0.9800599291746118, 0.9805153991200503, 0.9801996223361209, 0.9802034643937311, 0.9802807844818348, 0.9800986931294399, 0.9792777113020776, 0.9796093582313802], "svm test": [0.9395373291272345, 0.8690572119258663, 0.9271255060728745, 0.7469964664310954, 0.9448775055679287, 0.9082013047530288, 0.9496704613541043, 0.9206349206349206, 0.9203084832904884, 0.9392330383480826], "rf train": [0.9961473764176026, 0.9957420583786206, 0.9956415145736857, 0.9957716701902748, 0.9957377933639061, 0.9949408853450646, 0.9949094416461258, 0.9957160674583808, 0.9960839769389753, 0.995492594977463], "rf test": [0.898527865404837, 0.789685737308622, 0.8800607287449392, 0.6784452296819788, 0.91369710467706, 0.8527493010251631, 0.9149191132414619, 0.8730158730158731, 0.867866323907455, 0.9014749262536873]}, "4": {"svm train": [0.996581474849422, 0.9968625693316152, 0.9962952873876328, 0.9965716244786013, 0.9963852171567306, 0.9963706351388507, 0.9964098167398993, 0.996800607342335, 0.9966822582399651, 0.9963511483150891], "svm test": [0.9484752891692955, 0.9020950846091862, 0.9458502024291497, 0.7724381625441696, 0.9587973273942093, 0.929636533084809, 0.9598562013181546, 0.9391534391534392, 0.9372750642673522, 0.9569321533923304], "rf train": [0.9960388518096478, 0.9956300072833212, 0.9956959956415146, 0.9957145305982515, 0.9956838413811707, 0.995270827605169, 0.995606044368235, 0.9955533864757876, 0.9959751985206136, 0.9956535737282679], "rf test": [0.9153522607781283, 0.8263497179693795, 0.9038461538461539, 0.7095406360424028, 0.9287305122494433, 0.8779123951537745, 0.9352905931695626, 0.8994708994708994, 0.8910025706940874, 0.9303834808259587]}, "5": {"svm train": [0.9973954094090836, 0.9973667992604628, 0.9971125034050667, 0.997257299582881, 0.9970865929322903, 0.9969755292823755, 0.997160004286786, 0.9973428772843121, 0.9974980963776787, 0.9970487229019103], "svm test": [0.9511041009463722, 0.9069298952457695, 0.9519230769230769, 0.7791519434628975, 0.9638084632516704, 0.9361602982292637, 0.9616536848412223, 0.9412698412698413, 0.9413881748071979, 0.9575221238938053], "rf train": [0.9957675402897607, 0.9953498795450726, 0.9954780713701988, 0.9955431118221816, 0.9955759374157, 0.9953808083585373, 0.9950701961204587, 0.9957702944525785, 0.9958664201022517, 0.9952779566430564], "rf test": [0.9290220820189274, 0.8537469782433521, 0.9180161943319838, 0.7353356890459364, 0.9465478841870824, 0.8998136067101584, 0.9466746554823248, 0.9174603174603174, 0.9084832904884319, 0.935693215339233]}, "6": {"svm train": [0.997449671713061, 0.9973667992604628, 0.9971669844728956, 0.9973144391749043, 0.9970865929322903, 0.9970305196590596, 0.9972135891115637, 0.9973428772843121, 0.9975524855868596, 0.9971023824855119], "svm test": [0.9516298633017876, 0.9061240934730057, 0.9529352226720648, 0.7802120141342757, 0.9671492204899778, 0.9380242311276794, 0.9604553624925105, 0.9417989417989417, 0.9413881748071979, 0.9563421828908555], "rf train": [0.9958760648977155, 0.9950137262591742, 0.9952056660310542, 0.9955431118221816, 0.9955219854329647, 0.994555952708276, 0.995606044368235, 0.9953364784989968, 0.9955944740563473, 0.9952779566430564], "rf test": [0.9421661409043113, 0.8686543110394843, 0.9291497975708503, 0.7434628975265017, 0.9443207126948775, 0.9086672879776329, 0.9478729778310365, 0.9206349206349206, 0.9213367609254499, 0.9392330383480826]}, "7": {"svm train": [0.997449671713061, 0.9973667992604628, 0.9971669844728956, 0.9973144391749043, 0.9970865929322903, 0.9970305196590596, 0.9972135891115637, 0.9973428772843121, 0.9975524855868596, 0.9971023824855119], "svm test": [0.9484752891692955, 0.8988718775181306, 0.9534412955465587, 0.7756183745583038, 0.9632516703786191, 0.9315004659832246, 0.9592570401437986, 0.9391534391534392, 0.9367609254498714, 0.9539823008849557], "rf train": [0.9954962287698735, 0.9954059050927223, 0.9949332606919096, 0.9958859493743215, 0.994982465605611, 0.9948309045916964, 0.9948558568213481, 0.9953907054931945, 0.9952681388012619, 0.9946877012234385], "rf test": [0.937434279705573, 0.8759065269943593, 0.9342105263157895, 0.7551236749116608, 0.9487750556792873, 0.9100652376514445, 0.9526662672258838, 0.9243386243386243, 0.9254498714652957, 0.9421828908554573]}}