{"Merged Datasets level 1.k5": {"svmlin test": [0.99950884086444, 0.9995085995085995, 0.9980334316617503, 0.9990162321692081, 0.999508116084604, 0.9975393700787402, 0.9980314960629921, 0.9970472440944882, 0.9985236220472441, 0.9975393700787402], "svmlin train": [0.9998360207707023, 0.999836029733275, 0.999836038694868, 0.9998360476554815, 0.9998360476554815, 0.9998360566151155, 0.9998360566151155, 0.9999453522050386, 0.9998360566151155, 0.9998907044100771], "rf test": [0.9945972495088409, 0.9921375921375921, 0.9980334316617503, 0.9955730447614363, 0.9950811608460404, 0.9931102362204725, 0.9940944881889764, 0.9936023622047244, 0.9940944881889764, 0.9945866141732284], "rf train": [0.9996720415414048, 0.9997267162221251, 0.999836038694868, 0.9996720953109629, 0.9996720953109629, 0.9996721132302312, 0.9996721132302312, 0.9998907044100771, 0.9996721132302312, 0.9997814088201541], "svmrad test": [0.9970530451866405, 0.9960687960687961, 0.9960668633235005, 0.9950811608460404, 0.9980324643384161, 0.9955708661417323, 0.9960629921259843, 0.9945866141732284, 0.9965551181102362, 0.9960629921259843], "svmrad train": [0.9962831374692539, 0.9965019676432006, 0.9965568125922283, 0.9962290960760739, 0.99628374685758, 0.9966118367123886, 0.9963932455325427, 0.9965571889174272, 0.9963385977375813, 0.9964478933275043]}, "Merged Datasets level 1.k1": {"svmlin test": [0.9204322200392927, 0.9125307125307125, 0.9134709931170109, 0.9050664043285784, 0.911460895228726, 0.9128937007874016, 0.9187992125984252, 0.9104330708661418, 0.9128937007874016, 0.9133858267716536], "svmlin train": [0.9137469253894507, 0.9116200262352426, 0.9139749685740832, 0.9129959558421685, 0.915018034757897, 0.9140390185256025, 0.911798458932182, 0.9128914148314116, 0.9128914148314116, 0.9132193016011804], "rf test": [0.9837917485265226, 0.9788697788697789, 0.988692232055064, 0.9763895720609936, 0.9808165272995573, 0.9744094488188977, 0.9783464566929134, 0.9734251968503937, 0.9837598425196851, 0.9793307086614174], "rf train": [0.9974309920743373, 0.9974311324879755, 0.9977045417281521, 0.9974860640507159, 0.9981965242102963, 0.9979233837914641, 0.997814088201541, 0.9978687359965025, 0.9973769058418492, 0.9979233837914641], "svmrad test": [0.5098231827111984, 0.513022113022113, 0.5147492625368731, 0.5194294146581406, 0.5179537629119528, 0.5142716535433071, 0.515748031496063, 0.5172244094488189, 0.5211614173228346, 0.5241141732283464], "svmrad train": [0.5175731074063952, 0.5172715347616965, 0.5169699950811608, 0.5164498852333589, 0.5165591867963711, 0.5171867315153833, 0.5168588447456145, 0.51669490136073, 0.5162577190010383, 0.5160391278211924]}, "Merged Datasets level 1.k2": {"svmlin test": [0.9631630648330058, 0.9557739557739557, 0.9508357915437562, 0.9513034923757994, 0.9537629119527792, 0.9502952755905512, 0.9557086614173228, 0.9478346456692913, 0.9566929133858267, 0.9591535433070866], "svmlin train": [0.9546324132276578, 0.9556733712286839, 0.9556757938459857, 0.9562793747950595, 0.9557328669799978, 0.9558992294660911, 0.9557352860812066, 0.9564457074157058, 0.9546969779769386, 0.9551888081315919], "rf test": [0.9926326129666012, 0.9891891891891892, 0.9916420845624385, 0.9906542056074766, 0.9916379734382685, 0.9881889763779528, 0.9906496062992126, 0.9906496062992126, 0.9911417322834646, 0.9886811023622047], "rf train": [0.9996720415414048, 0.9995080891998251, 0.9994534623162267, 0.9996174445294568, 0.9992348890589136, 0.9995081698453467, 0.9996174654352696, 0.9994535220503853, 0.9994535220503853, 0.9995081698453467], "svmrad test": [0.7789783889980354, 0.7670761670761671, 0.7674532940019666, 0.7722577471716675, 0.7663551401869159, 0.780511811023622, 0.7755905511811023, 0.7780511811023622, 0.7687007874015748, 0.7750984251968503], "svmrad train": [0.7721235310194042, 0.7735024048972453, 0.773514783844346, 0.7737457645644332, 0.77336320909389, 0.7721733428056178, 0.7732662987048473, 0.7730477075250014, 0.7732662987048473, 0.772665172960271]}, "Merged Datasets level 1.k7": {"svmlin test": [1.0, 0.9980343980343981, 0.9990167158308751, 0.999508116084604, 0.9990162321692081, 0.9975393700787402, 0.999507874015748, 0.9975393700787402, 0.9980314960629921, 0.9990157480314961], "svmlin train": [0.9998360207707023, 0.999836029733275, 0.999836038694868, 0.9998360476554815, 0.9998360476554815, 0.9998360566151155, 0.9998360566151155, 0.9999453522050386, 0.9998360566151155, 0.9998907044100771], "rf test": [0.9965618860510805, 0.9926289926289926, 0.9960668633235005, 0.9945892769306444, 0.9965568125922283, 0.9916338582677166, 0.9945866141732284, 0.9926181102362205, 0.9940944881889764, 0.9965551181102362], "rf train": [0.9998360207707023, 0.999836029733275, 0.9997267311581134, 0.9998360476554815, 0.9997813968739753, 0.9997267610251926, 0.9997267610251926, 0.9999453522050386, 0.9997814088201541, 0.9996721132302312], "svmrad test": [0.9882121807465619, 0.9891891891891892, 0.9906588003933137, 0.9901623216920806, 0.9881947860304968, 0.985236220472441, 0.9881889763779528, 0.9857283464566929, 0.9862204724409449, 0.9876968503937008], "svmrad train": [0.9998360207707023, 0.999836029733275, 0.999836038694868, 0.9998360476554815, 0.9998360476554815, 0.9998360566151155, 0.9998360566151155, 0.9999453522050386, 0.9998360566151155, 0.9998907044100771]}, "Merged Datasets level 1.k3": {"svmlin test": [0.9882121807465619, 0.9896805896805897, 0.9852507374631269, 0.9906542056074766, 0.9921298573536645, 0.9867125984251969, 0.9881889763779528, 0.985236220472441, 0.9931102362204725, 0.9881889763779528], "svmlin train": [0.990762503416234, 0.9918561434193266, 0.9916926272066459, 0.9906000655809378, 0.9907640179254563, 0.9925132520902782, 0.9915842395759331, 0.991693535165856, 0.9913110006011258, 0.990983113831357], "rf test": [0.9941060903732809, 0.9916461916461916, 0.9901671583087512, 0.9921298573536645, 0.9945892769306444, 0.9926181102362205, 0.9936023622047244, 0.9926181102362205, 0.9921259842519685, 0.9901574803149606], "rf train": [0.9994534025690079, 0.9996174027109751, 0.9994534623162267, 0.999398841403432, 0.9995627937479507, 0.9997814088201541, 0.9997814088201541, 0.9997814088201541, 0.9997267610251926, 0.9995628176403082], "svmrad test": [0.9420432220039293, 0.9385749385749386, 0.9242871189773845, 0.9326119035907526, 0.9311362518445647, 0.9340551181102362, 0.9394685039370079, 0.9256889763779528, 0.937007874015748, 0.937007874015748], "svmrad train": [0.9333151134189669, 0.9332094446873633, 0.9347980543258457, 0.9353481254781943, 0.9346923161001203, 0.9357888409202688, 0.9351330673807312, 0.9350237717908082, 0.9342040548663861, 0.9338761680966173]}, "Merged Datasets level 1.k6": {"svmlin test": [0.99950884086444, 0.9985257985257985, 0.9990167158308751, 0.999508116084604, 0.9990162321692081, 0.9975393700787402, 0.9990157480314961, 0.9975393700787402, 0.9980314960629921, 0.9990157480314961], "svmlin train": [0.9998360207707023, 0.999836029733275, 0.999836038694868, 0.9998360476554815, 0.9998360476554815, 0.9998360566151155, 0.9998360566151155, 0.9999453522050386, 0.9998360566151155, 0.9998907044100771], "rf test": [0.993614931237721, 0.995085995085995, 0.995575221238938, 0.9970486965076242, 0.9960649286768323, 0.9896653543307087, 0.9960629921259843, 0.9931102362204725, 0.9950787401574803, 0.9931102362204725], "rf train": [0.9995627220552064, 0.999836029733275, 0.999836038694868, 0.9997813968739753, 0.9998360476554815, 0.9997267610251926, 0.9997814088201541, 0.9996174654352696, 0.9997267610251926, 0.9997814088201541], "svmrad test": [0.9990176817288802, 0.9975429975429976, 0.9985250737463127, 0.9990162321692081, 0.9985243482538121, 0.9960629921259843, 0.9985236220472441, 0.9960629921259843, 0.9980314960629921, 0.9985236220472441], "svmrad train": [0.9991801038535119, 0.9992894621775251, 0.9992348472427174, 0.9991802382774073, 0.9992348890589136, 0.9992349308705394, 0.9992895786655008, 0.9992349308705394, 0.9993442264604623, 0.9993988742554238]},