{"merged dataset f1_score.k3": {"rf test": [0.9920634920634921, 0.9904686258935664, 0.9928457869634341, 0.9872712808273667, 0.9936356404136834, 0.984884645982498, 0.9952267303102625, 0.9872712808273667, 0.9904534606205251, 0.9904534606205251], "rf train": [0.9995581477553906, 0.9994698241583458, 0.999293161335925, 0.9994699178372648, 0.9992932237830197, 0.9991165297287746, 0.9997349589186324, 0.9992932237830197, 0.9992932237830197, 0.9997349589186324], "svmlin train": [0.9857723577235772, 0.9869223292391976, 0.9866584202155858, 0.9852460464705363, 0.9853343934976588, 0.987984804311335, 0.9863062107960067, 0.9874547221485998, 0.9863945578231292, 0.9861295167417616], "svmlin test": [0.9825396825396825, 0.982525814138205, 0.9817170111287759, 0.9872712808273667, 0.9880668257756563, 0.9801113762927606, 0.979315831344471, 0.9753381066030231, 0.9904534606205251, 0.9817024661893397], "svmrad train": [0.9479498055850124, 0.947600954316515, 0.948047358190493, 0.9496421945401538, 0.9489354183231734, 0.9484053361604382, 0.9491121123774185, 0.9474335188620903, 0.9476102129163354, 0.9465500485908649], "svmrad test": [0.9587301587301588, 0.9594916600476568, 0.9435612082670907, 0.9459029435163085, 0.9419252187748608, 0.9411296738265712, 0.9466984884645983, 0.9347653142402544, 0.9578361177406524, 0.9459029435163085]}, "merged dataset f1_score.k7": {"rf test": [0.9936507936507937, 0.9944400317712471, 0.9968203497615262, 0.9936356404136834, 0.994431185361973, 0.9880668257756563, 0.9920445505171042, 0.9888623707239459, 0.9936356404136834, 0.9912490055688147], "rf train": [0.9996465182043125, 0.999734912079173, 0.9996465806679625, 0.9994699178372648, 0.9997349589186324, 0.9997349589186324, 0.9996466118915098, 0.9997349589186324, 0.9997349589186324, 0.9996466118915098], "svmlin train": [0.9997348886532343, 0.999734912079173, 0.9997349355009719, 0.9997349589186324, 0.9997349589186324, 0.9997349589186324, 0.9997349589186324, 0.9999116529728774, 0.9997349589186324, 0.999823305945755], "svmlin test": [1.0, 0.9992057188244639, 0.9992050874403816, 1.0, 0.9984089101034208, 0.9960222752585521, 0.9992044550517104, 0.994431185361973, 0.9976133651551312, 0.9984089101034208], "svmrad train": [0.9997348886532343, 0.999734912079173, 0.9997349355009719, 0.9997349589186324, 0.9997349589186324, 0.9997349589186324, 0.9997349589186324, 0.9999116529728774, 0.9997349589186324, 0.999823305945755], "svmrad test": [0.984920634920635, 0.9857029388403494, 0.9888712241653418, 0.9832935560859188, 0.9864757358790772, 0.9769291964996022, 0.9729514717581543, 0.9809069212410502, 0.9888623707239459, 0.9777247414478918]}, "merged dataset f1_score.k1": {"rf test": [0.9753968253968254, 0.9745830023828436, 0.9833068362480127, 0.9729514717581543, 0.9769291964996022, 0.9665871121718377, 0.9705648369132857, 0.9681782020684169, 0.979315831344471, 0.9745425616547335], "rf train": [0.9963768115942029, 0.996288769108421, 0.9972610001767097, 0.9965544659422211, 0.9963777718879759, 0.9974379362134465, 0.9969078540507111, 0.9974379362134465, 0.9960243837794858, 0.9968195070235887], "svmlin train": [0.8907741251325557, 0.8924626667844835, 0.8922071037285739, 0.8932767912359749, 0.8939835674529553, 0.8924816679918721, 0.8908030744765438, 0.8923933209647495, 0.8915098506935241, 0.8948670377241806], "svmlin test": [0.9047619047619048, 0.8983320095313743, 0.8839427662957074, 0.8870326173428799, 0.8838504375497216, 0.8862370723945903, 0.9085123309466985, 0.8886237072394589, 0.8957836117740652, 0.8870326173428799], "svmrad train": [0.6588016967126193, 0.6604223734205178, 0.6572716027566707, 0.6584503931442707, 0.6586270871985158, 0.6585387401713932, 0.6576552699001679, 0.6586270871985158, 0.6587154342256383, 0.6584503931442707], "svmrad test": [0.6555555555555556, 0.647339158061954, 0.665341812400636, 0.654733492442323, 0.6610978520286396, 0.6587112171837709, 0.665871121718377, 0.6587112171837709, 0.6587112171837709, 0.6595067621320605]}, "merged dataset f1_score.k6": {"rf test": [0.9952380952380953, 0.9928514694201748, 0.9952305246422893, 0.9912490055688147, 0.9960222752585521, 0.9880668257756563, 0.9952267303102625, 0.9880668257756563, 0.9904534606205251, 0.9912490055688147], "rf train": [0.9995581477553906, 0.9995581867986215, 0.9993815161689344, 0.9996466118915098, 0.9995582648643873, 0.9996466118915098, 0.9995582648643873, 0.999823305945755, 0.9997349589186324, 0.999823305945755], "svmlin train": [0.9997348886532343, 0.999734912079173, 0.9997349355009719, 0.9997349589186324, 0.9997349589186324, 0.9997349589186324, 0.9997349589186324, 0.9999116529728774, 0.9997349589186324, 0.999823305945755], "svmlin test": [1.0, 1.0, 0.9992050874403816, 1.0, 0.9992044550517104, 0.9960222752585521, 0.9968178202068417, 0.9952267303102625, 0.9976133651551312, 0.9984089101034208], "svmrad train": [0.9997348886532343, 0.999734912079173, 0.9997349355009719, 0.9997349589186324, 0.9997349589186324, 0.9997349589186324, 0.9997349589186324, 0.9999116529728774, 0.9997349589186324, 0.999823305945755], "svmrad test": [1.0, 0.9984114376489277, 1.0, 1.0, 0.9992044550517104, 0.994431185361973, 0.9976133651551312, 0.9952267303102625, 0.9968178202068417, 0.9984089101034208]}, "merged dataset f1_score.k4": {"rf test": [0.9952380952380953, 0.9880857823669579, 0.9912559618441972, 0.9920445505171042, 0.9952267303102625, 0.9896579156722355, 0.9920445505171042, 0.9872712808273667, 0.9952267303102625, 0.9928400954653938], "rf train": [0.9996465182043125, 0.9994698241583458, 0.9994698710019438, 0.9997349589186324, 0.9993815708101422, 0.9997349589186324, 0.9994699178372648, 0.9996466118915098, 0.9997349589186324, 0.9995582648643873], "svmlin train": [0.9997348886532343, 0.999734912079173, 0.9997349355009719, 0.9997349589186324, 0.9997349589186324, 0.9997349589186324, 0.9997349589186324, 0.9999116529728774, 0.9997349589186324, 0.999823305945755], "svmlin test": [0.996031746031746, 0.9968228752978554, 0.9992050874403816, 0.9976133651551312, 0.9984089101034208, 0.994431185361973, 0.9968178202068417, 0.9912490055688147, 0.9984089101034208, 0.9968178202068417], "svmrad train": [0.9898373983739838, 0.9892197578863656, 0.9899275490369324, 0.9901051329622759, 0.9890449686368054, 0.9901051329622759, 0.9901051329622759, 0.9901051329622759, 0.9891333156639279, 0.9900167859351533], "svmrad test": [0.9912698412698413, 0.9904686258935664, 0.9904610492845787, 0.9880668257756563, 0.9928400954653938, 0.9880668257756563, 0.984884645982498, 0.9856801909307876, 0.9888623707239459, 0.9896579156722355]}, "merged dataset f1_score.k2": {"rf test": [0.9873015873015873, 0.982525814138205, 0.9872813990461049, 0.9904534606205251, 0.9912490055688147, 0.9817024661893397, 0.9864757358790772, 0.984884645982498, 0.994431185361973, 0.9832935560859188], "rf train": [0.9988511841640155, 0.998851285676416, 0.9989397420038876, 0.9989398356745296, 0.9994699178372648, 0.9993815708101422, 0.9987631416202845, 0.9990281827016521, 0.9984981005389169, 0.9992932237830197], "svmlin train": [0.9306291975963238, 0.9316956790668905, 0.9324969075808447, 0.9329446064139941, 0.9325028712783815, 0.933739729658097, 0.9323261772241364, 0.9334746885767294, 0.9315310539800336, 0.9317077480342787], "svmlin test": [0.9452380952380952, 0.9340746624305004, 0.9260731319554849, 0.9276054097056484, 0.9284009546539379, 0.9220365950676214, 0.9307875894988067, 0.9236276849642004, 0.9347653142402544, 0.9387430389817024], "svmrad train": [0.8609049133969602, 0.8604753910046832, 0.8629616540024739, 0.8630621079600671, 0.8618252495803517, 0.8648290485025178, 0.8631504549871897, 0.8639455782312925, 0.8621786376888417, 0.8642989663397826], "svmrad test": [0.8746031746031746, 0.8713264495631453, 0.8497615262321144, 0.8544152744630071, 0.8663484486873508, 0.8552108194112967, 0.8687350835322196, 0.8528241845664281, 0.8758949880668258, 0.8544152744630071]},