{"combined_datasets.k4": {"rf test": [0.8634797588285961, 0.9184111647879764, 0.8957622990745251, 0.9266365688487584, 0.8236035279294414, 0.9157894736842105, 0.9381860196418256, 0.8799392097264438, 0.6932883389576303, 0.9143505388542258], "rf train": [0.9959464712088401, 0.9955598873727529, 0.9963891016522596, 0.9953661296406057, 0.9957103064066852, 0.9962215265032927, 0.996021505376344, 0.9962956910170507, 0.9954144021739131, 0.9958530805687204]}, "combined_datasets.k1": {"rf test": [0.6210163652024118, 0.7214170692431562, 0.6814417924987822, 0.7341986455981941, 0.5871482570348593, 0.696398891966759, 0.733102253032929, 0.6565349544072948, 0.4983127109111361, 0.6846284741917187], "rf train": [0.9808429118773946, 0.9800736408923544, 0.9804683225735857, 0.9786087612479121, 0.9807242339832869, 0.9801900032386915, 0.9805913978494624, 0.9797352508579833, 0.9801290760869565, 0.981042654028436]}, "combined_datasets.k5": {"rf test": [0.8811369509043928, 0.9286097691894794, 0.9084266926449099, 0.9441309255079007, 0.8513229735405292, 0.9279778393351801, 0.9474292316580012, 0.8971631205673759, 0.7139107611548556, 0.9330686330119116], "rf train": [0.9958909434171803, 0.9955598873727529, 0.9955137323558376, 0.9955277762810496, 0.9955431754874652, 0.9954658318039512, 0.9955376344086021, 0.9955330391676199, 0.9957540760869565, 0.9955838000861698]}, "combined_datasets.k2": {"rf test": [0.7739018087855297, 0.8534621578099839, 0.8149050170482222, 0.8730248306997742, 0.7249055018899622, 0.8448753462603878, 0.8700173310225303, 0.7943262411347518, 0.6182977127859017, 0.8394781622234827], "rf train": [0.9955577766672219, 0.9951267056530214, 0.9948572053835212, 0.9952044830001616, 0.9945961002785515, 0.9947641152974198, 0.9952150537634409, 0.9953696137713134, 0.9950747282608695, 0.9953683757001293]}, "combined_datasets.k6": {"rf test": [0.900516795865633, 0.940955448201825, 0.9167072576716999, 0.9452595936794582, 0.8685426291474171, 0.9357340720221606, 0.9555170421721548, 0.9067882472137792, 0.734533183352081, 0.9325014180374361], "rf train": [0.9951135543339441, 0.9957223305176521, 0.9961155487471277, 0.9959049517754189, 0.9954317548746519, 0.9951959408399007, 0.9954838709677419, 0.9955875142997221, 0.9949048913043478, 0.99569151227919]}, "combined_datasets.k7": {"rf test": [0.9026701119724375, 0.9404186795491143, 0.9176814417924988, 0.9441309255079007, 0.8773624527509449, 0.942382271468144, 0.9612940496822646, 0.9098277608915907, 0.7401574803149606, 0.9387407827566647], "rf train": [0.9960575267921595, 0.9956681828026858, 0.995568442936864, 0.9959588339889003, 0.9953760445682451, 0.9952499190327108, 0.9950537634408602, 0.9962956910170507, 0.9946784420289855, 0.9954222317966394]}, "combined_datasets.k3": {"rf test": [0.8329026701119724, 0.8985507246376812, 0.8684851436921578, 0.912528216704289, 0.7853842923141537, 0.896398891966759, 0.9214326978625073, 0.851063829787234, 0.6685414323209599, 0.8876914350538854], "rf train": [0.9963906935421178, 0.9956140350877193, 0.9961702593281541, 0.9959588339889003, 0.9958774373259053, 0.9954658318039512, 0.9959677419354839, 0.9961867407528463, 0.9954710144927537, 0.9959069366652306]}}