{"Polypodiopsida": {"Polypodiopsida.k6": {"svmrad train": [0.9024343122102009, 0.8977508977508978, 0.8946064417762531, 0.8940933032355154, 0.8994984567901234, 0.8965906950461481, 0.8923076923076924, 0.8986934292747586, 0.9083204930662557, 0.8972577009767092], "svmrad test": [0.7937685459940653, 0.9051878354203936, 0.8640132669983416, 0.9119850187265918, 0.7687687687687688, 0.8872458410351202, 0.9115384615384615, 0.8347978910369068, 0.7370820668693009, 0.870722433460076], "rf test": [0.8768545994065282, 0.9051878354203936, 0.8922056384742952, 0.9250936329588015, 0.8588588588588588, 0.9001848428835489, 0.925, 0.8857644991212654, 0.8237082066869301, 0.9049429657794676], "svmlin train": [0.9967156105100463, 0.9965979965979966, 0.9965694682675815, 0.9962377727614747, 0.9967206790123457, 0.9960444528159729, 0.9964352720450281, 0.9969702707820488, 0.9965331278890601, 0.9966190833959429], "svmlin test": [0.8798219584569733, 0.9266547406082289, 0.8922056384742952, 0.9250936329588015, 0.8738738738738738, 0.8983364140480592, 0.9365384615384615, 0.9068541300527241, 0.8449848024316109, 0.9258555133079848], "rf train": [0.991499227202473, 0.9920619920619921, 0.9931389365351629, 0.9930398796087284, 0.9924768518518519, 0.9922772650216614, 0.9906191369606003, 0.9935618254118538, 0.9942218798151001, 0.9932381667918858]}, "Polypodiopsida.k5": {"svmrad train": [0.7982998454404946, 0.7866187866187866, 0.7905469792262245, 0.7863054928517682, 0.8005401234567902, 0.7873422490111132, 0.7840525328330207, 0.7960613520166635, 0.8075885978428351, 0.7885048835462058], "svmrad test": [0.7032640949554896, 0.8407871198568873, 0.7860696517412935, 0.8651685393258427, 0.6921921921921922, 0.8207024029574861, 0.8480769230769231, 0.7539543057996485, 0.6671732522796353, 0.811787072243346], "rf test": [0.8486646884272997, 0.8908765652951699, 0.8872305140961857, 0.9101123595505618, 0.8468468468468469, 0.8909426987060998, 0.9288461538461539, 0.875219683655536, 0.8100303951367781, 0.8992395437262357], "svmlin train": [0.9965224111282844, 0.9964089964089964, 0.9965694682675815, 0.9960496613995485, 0.9965277777777778, 0.9958560934262572, 0.9962476547842402, 0.9969702707820488, 0.9963405238828967, 0.9964312546957175], "svmlin test": [0.8827893175074184, 0.9177101967799642, 0.9071310116086235, 0.9269662921348315, 0.8798798798798799, 0.9038817005545287, 0.9365384615384615, 0.9068541300527241, 0.851063829787234, 0.9258555133079848], "rf train": [0.9926584234930448, 0.9935739935739936, 0.9931389365351629, 0.9924755455229496, 0.9917052469135802, 0.9922772650216614, 0.9926829268292683, 0.9943192577163416, 0.9938366718027735, 0.9926746806912096]}, "Polypodiopsida.k4": {"svmrad train": [0.6033616692426584, 0.5857115857115857, 0.5957690108633504, 0.581640331075997, 0.6039737654320988, 0.5867394989640233, 0.5864915572232645, 0.5906078394243515, 0.6076656394453005, 0.5916604057099925], "svmrad test": [0.5178041543026706, 0.627906976744186, 0.572139303482587, 0.6610486891385767, 0.5180180180180181, 0.634011090573013, 0.6596153846153846, 0.5922671353251318, 0.5167173252279635, 0.6311787072243346], "rf test": [0.7997032640949555, 0.8837209302325582, 0.8640132669983416, 0.897003745318352, 0.8153153153153153, 0.8650646950092421, 0.9192307692307692, 0.8418277680140598, 0.776595744680851, 0.8593155893536122], "svmlin train": [0.9961360123647605, 0.9954639954639954, 0.9956165427863541, 0.9952972159518435, 0.9957561728395061, 0.9949142964776794, 0.9951219512195122, 0.996402196553683, 0.9953775038520801, 0.9954921111945906], "svmlin test": [0.8649851632047477, 0.9105545617173524, 0.8988391376451078, 0.9269662921348315, 0.8843843843843844, 0.8983364140480592, 0.9384615384615385, 0.8945518453427065, 0.8449848024316109, 0.9144486692015209], "rf train": [0.9936244204018547, 0.9928179928179928, 0.9939012769201448, 0.9930398796087284, 0.9944058641975309, 0.9930307025805236, 0.9915572232645403, 0.9948873319447075, 0.9938366718027735, 0.9936138241923366]}, "Polypodiopsida.k7": {"svmrad train": [0.9441653786707882, 0.9415989415989416, 0.9445397369925672, 0.9441309255079007, 0.9454089506172839, 0.9423620267470333, 0.9410881801125703, 0.9448967998485135, 0.9491525423728814, 0.9430879038317055], "svmrad test": [0.7359050445103857, 0.8228980322003577, 0.7910447761194029, 0.8426966292134831, 0.7177177177177178, 0.8059149722735675, 0.8288461538461539, 0.7750439367311072, 0.6702127659574468, 0.7927756653992395], "rf test": [0.8724035608308606, 0.9016100178890877, 0.8971807628524047, 0.9307116104868914, 0.8453453453453453, 0.9057301293900185, 0.9403846153846154, 0.8804920913884007, 0.8237082066869301, 0.8897338403041825], "svmlin train": [0.9967156105100463, 0.9965979965979966, 0.9965694682675815, 0.9962377727614747, 0.9967206790123457, 0.9960444528159729, 0.9964352720450281, 0.9969702707820488, 0.9965331278890601, 0.9966190833959429], "svmlin test": [0.8649851632047477, 0.9194991055456172, 0.8855721393034826, 0.9232209737827716, 0.8603603603603603, 0.9001848428835489, 0.9346153846153846, 0.8945518453427065, 0.8343465045592705, 0.9182509505703422], "rf train": [0.9940108191653787, 0.9896049896049897, 0.9921860110539356, 0.9915349887133182, 0.9922839506172839, 0.991523827462799, 0.9928705440900563, 0.9939405415640977, 0.9911402157164869, 0.9911720510894064]}, "Polypodiopsida.k3": {"svmrad train": [0.35220247295208656, 0.3441693441693442, 0.3451496093005527, 0.34198645598194133, 0.35262345679012347, 0.34281408928235074, 0.3418386491557223, 0.3453891308464306, 0.35477657935285056, 0.3409090909090909], "svmrad test": [0.3086053412462908, 0.35062611806797855, 0.34328358208955223, 0.3801498127340824, 0.3033033033033033, 0.36414048059149723, 0.3923076923076923, 0.351493848857645, 0.3009118541033435, 0.3840304182509506], "rf test": [0.7685459940652819, 0.851520572450805, 0.8043117744610282, 0.8670411985018727, 0.7747747747747747, 0.8280961182994455, 0.8730769230769231, 0.8137082601054482, 0.7264437689969605, 0.8288973384030418], "svmlin train": [0.9853168469860897, 0.9848799848799848, 0.9864684581665714, 0.9857035364936042, 0.9857253086419753, 0.9841778112638915, 0.9844277673545966, 0.9844726377580004, 0.9847842835130971, 0.9853493613824192], "svmlin test": [0.8649851632047477, 0.9016100178890877, 0.8955223880597015, 0.9194756554307116, 0.8678678678678678, 0.8853974121996303, 0.9346153846153846, 0.8804920913884007, 0.8343465045592705, 0.8878326996197718], "rf train": [0.9932380216383307, 0.9943299943299944, 0.9935201067276539, 0.9930398796087284, 0.9934413580246914, 0.9932190619702392, 0.9941838649155722, 0.9939405415640977, 0.9942218798151001, 0.9932381667918858]}, "Polypodiopsida.k1": {"svmrad train": [0.09119010819165378, 0.0892080892080892, 0.08995616542786354, 0.08878856282919488, 0.09104938271604938, 0.08909399133546807, 0.08874296435272044, 0.08956637000568074, 0.09110169491525423, 0.08884297520661157], "svmrad test": [0.07863501483679525, 0.09481216457960644, 0.087893864013267, 0.09925093632958802, 0.07957957957957958, 0.09611829944547134, 0.1, 0.0913884007029877, 0.0790273556231003, 0.09885931558935361], "rf test": [0.46735905044510384, 0.5724508050089445, 0.5339966832504146, 0.5711610486891385, 0.46846846846846846, 0.5268022181146026, 0.5230769230769231, 0.4868189806678383, 0.42857142857142855, 0.5038022813688213], "svmlin train": [0.3205177743431221, 0.3069363069363069, 0.3156089193825043, 0.3071858540255831, 0.3159722222222222, 0.31211150875871163, 0.3091932457786116, 0.31149403522060215, 0.31317411402157164, 0.3076634109691961], "svmlin test": [0.26409495548961426, 0.32737030411449014, 0.3067993366500829, 0.35580524344569286, 0.2732732732732733, 0.32532347504621073, 0.35, 0.30052724077328646, 0.2826747720364742, 0.3365019011406844], "rf train": [0.9714064914992272, 0.9691929691929692, 0.9712216504669335, 0.9714070729872084, 0.9689429012345679, 0.9721228103220946, 0.9686679174484053, 0.9721643628100739, 0.9716872110939908, 0.9705108940646131]},