{"combined_datasets.k3": {"rf train": [0.9957798878338608, 0.9961013645224172, 0.9957325746799431, 0.995581658494531, 0.9958774373259053, 0.9958436791536219, 0.996021505376344, 0.9959688402244375, 0.9959805253623188, 0.9959069366652306], "rf test": [0.8329026701119723, 0.8926462694578636, 0.8694593278129567, 0.912528216704289, 0.7832843343133137, 0.8969529085872576, 0.9173887926054304, 0.8546099290780141, 0.6655418072740907, 0.8831537152580827]}, "combined_datasets.k1": {"rf train": [0.981176078627353, 0.9802360840372536, 0.9789911368858737, 0.979578641090576, 0.9804456824512535, 0.9801360250458815, 0.9797311827956989, 0.9804434275753119, 0.9802989130434783, 0.9794269711331323], "rf test": [0.6287683031869078, 0.7257112184648418, 0.6785192401363858, 0.7364559819413092, 0.5829483410331794, 0.6975069252077563, 0.7302137492778741, 0.660081053698075, 0.4983127109111361, 0.6806579693703914]}, "combined_datasets.k7": {"rf train": [0.9958909434171803, 0.99620965995235, 0.9956778640989167, 0.9954738940675683, 0.9954317548746519, 0.9950340062614703, 0.9949462365591398, 0.9955330391676199, 0.994735054347826, 0.9960146488582508], "rf test": [0.897071490094746, 0.940955448201825, 0.9254749147588894, 0.9418735891647856, 0.879042419151617, 0.9468144044321329, 0.9572501444251877, 0.9108409321175278, 0.7435320584926884, 0.9381735677821894]}, "combined_datasets.k4": {"rf train": [0.9956688322505414, 0.9961013645224172, 0.9961155487471277, 0.9956355407080123, 0.9954874651810585, 0.9957897009608119, 0.9961827956989248, 0.996404641281255, 0.9959239130434783, 0.9954760878931495], "rf test": [0.8695090439276486, 0.9168008588298443, 0.8913784705309303, 0.9305869074492099, 0.8198236035279294, 0.9229916897506925, 0.9428076256499134, 0.8844984802431611, 0.6921634795650544, 0.9103800340328985]}, "combined_datasets.k2": {"rf train": [0.994946970958965, 0.9948559670781894, 0.9950213371266002, 0.995258365213643, 0.9947075208913649, 0.9955198099967613, 0.9940322580645161, 0.995805414828131, 0.9950747282608695, 0.9947221025420078], "rf test": [0.7670111972437554, 0.856682769726248, 0.8066244520214321, 0.8696388261851016, 0.7236455270894582, 0.8443213296398892, 0.8688619295205083, 0.8004052684903747, 0.6100487439070116, 0.8332387975042542]}, "combined_datasets.k5": {"rf train": [0.9960575267921595, 0.9955057396577864, 0.9957325746799431, 0.994935071932755, 0.9958774373259053, 0.9954658318039512, 0.9954301075268818, 0.9958598899602331, 0.9952445652173914, 0.9947221025420078], "rf test": [0.888458225667528, 0.9312936124530328, 0.9094008767657087, 0.9401805869074492, 0.8467030659386813, 0.9301939058171745, 0.9428076256499134, 0.8996960486322189, 0.7187851518560181, 0.9228587634713556]}, "combined_datasets.k6": {"rf train": [0.9954467210839025, 0.9955598873727529, 0.9959514170040485, 0.995258365213643, 0.9954317548746519, 0.9952499190327108, 0.9953763440860215, 0.9957509396960288, 0.9951313405797102, 0.9957453683757002], "rf test": [0.8953488372093024, 0.9398819108964036, 0.9147588894301023, 0.9446952595936795, 0.8685426291474171, 0.9373961218836565, 0.9543616406701328, 0.9128672745694022, 0.7326584176977877, 0.9336358479863869]}}