{
  "1": {
    "singlerf": {
      "train": [
        0.9989690162244289,
        0.9984873102134574,
        0.9986379733042767,
        0.9986857893834638,
        0.9990828162934988,
        0.9989001924663184,
        0.9986603793805594,
        0.999240822081232,
        0.9989666050255629,
        0.9988194891607641
      ],
      "test": [
        0.5657202944269191,
        0.45245769540692987,
        0.5531376518218624,
        0.40176678445229685,
        0.5868596881959911,
        0.5158434296365331,
        0.6315158777711204,
        0.5497354497354497,
        0.5341902313624679,
        0.5905604719764012
      ]
    },
    "linearsvm": {
      "train": [
        1.0,
        1.0,
        1.0,
        1.0,
        1.0,
        1.0,
        1.0,
        1.0,
        1.0,
        1.0
      ],
      "test": [
        0.9037854889589906,
        0.7159548751007252,
        0.875,
        0.6109540636042403,
        0.920935412026726,
        0.7847157502329916,
        0.9310964649490713,
        0.8481481481481481,
        0.8241645244215938,
        0.9008849557522125
      ]
    },
    "hierarchicalrf": {
      "train": [
        0.9977752455369255,
        0.9978150036416606,
        0.9977117951511849,
        0.9977144163190674,
        0.99778796870785,
        0.9978553753093209,
        0.998285285607116,
        0.9977224662436961,
        0.997334928750136,
        0.9984438720755527
      ],
      "test": [
        0.6361724500525763,
        0.49959709911361805,
        0.6088056680161943,
        0.4332155477031802,
        0.6547884187082406,
        0.5568499534016775,
        0.6920311563810665,
        0.6111111111111112,
        0.5938303341902313,
        0.6678466076696166
      ]
    }
  },
  "2": {
    "hierarchicalrf": {
      "train": [
        0.995550491073851,
        0.9950137262591742,
        0.9964587305911196,
        0.9952002742700418,
        0.9951443215538172,
        0.9958207313720099,
        0.995606044368235,
        0.9964752453771487,
        0.996247144566518,
        0.995492594977463
      ],
      "test": [
        0.30126182965299686,
        0.25141015310233683,
        0.2839068825910931,
        0.21448763250883393,
        0.32293986636971045,
        0.26933830382106244,
        0.34092270820850806,
        0.30317460317460315,
        0.28740359897172235,
        0.3351032448377581
      ]
    },
    "singlerf": {
      "train": [
        0.9980465570568127,
        0.9980391058322595,
        0.9988014165077636,
        0.9987429289754871,
        0.9987051524143512,
        0.9981303271927413,
        0.9986067945557818,
        0.9984274171682663,
        0.9985314913521157,
        0.9984438720755527
      ],
      "test": [
        0.240273396424816,
        0.19057211925866238,
        0.23380566801619435,
        0.16784452296819788,
        0.25389755011135856,
        0.22227399813606707,
        0.2708208508088676,
        0.24338624338624337,
        0.2308483290488432,
        0.2743362831858407
      ]
    },
    "linearsvm": {
      "train": [
        1.0,
        1.0,
        1.0,
        1.0,
        1.0,
        1.0,
        1.0,
        1.0,
        1.0,
        1.0
      ],
      "test": [
        0.7465825446898002,
        0.564867042707494,
        0.707995951417004,
        0.488339222614841,
        0.7639198218262806,
        0.636067101584343,
        0.8094667465548232,
        0.6941798941798942,
        0.6786632390745502,
        0.7569321533923303
      ]
    }
  },
  "3": {
    "hierarchicalrf": {
      "train": [
        0.9909924575397472,
        0.9922684744243375,
        0.9921002451648052,
        0.9927432718130392,
        0.9921230105206367,
        0.9918614242507561,
        0.9923909548815776,
        0.9918659508703432,
        0.9918416186228652,
        0.9923266795449668
      ],
      "test": [
        0.13354363827549948,
        0.11039484286865431,
        0.12550607287449392,
        0.09540636042402827,
        0.14699331848552338,
        0.13560111835973904,
        0.14919113241461954,
        0.1312169312169312,
        0.13419023136246785,
        0.15103244837758112
      ]
    },
    "singlerf": {
      "train": [
        0.9985349177926095,
        0.9980391058322595,
        0.9980386815581586,
        0.9982286726472773,
        0.9983274885352037,
        0.9978553753093209,
        0.9981781159575608,
        0.9982105091914755,
        0.9980419884694877,
        0.9980145954067396
      ],
      "test": [
        0.12513144058885384,
        0.09669621273166801,
        0.11639676113360324,
        0.08763250883392226,
        0.1252783964365256,
        0.11090400745573159,
        0.1372079089275015,
        0.12486772486772486,
        0.12596401028277635,
        0.12330383480825959
      ]
    },
    "linearsvm": {
      "train": [
        1.0,
        1.0,
        1.0,
        1.0,
        1.0,
        1.0,
        1.0,
        1.0,
        1.0,
        1.0
      ],
      "test": [
        0.5273396424815984,
        0.40209508460918614,
        0.5050607287449392,
        0.34946996466431096,
        0.5573496659242761,
        0.45666356011183595,
        0.5781905332534452,
        0.5137566137566137,
        0.4951156812339332,
        0.5539823008849557
      ]
    }
  },
  "4": {
    "hierarchicalrf": {
      "train": [
        0.9876281946931467,
        0.9883466860888566,
        0.9878507218741487,
        0.9894291754756871,
        0.9895872673320745,
        0.9881770690129228,
        0.9885328474975886,
        0.9881785152648989,
        0.9865114761231372,
        0.9889997853616656
      ],
      "test": [
        0.06414300736067298,
        0.04915390813859791,
        0.05668016194331984,
        0.043462897526501766,
        0.06291759465478843,
        0.05964585274930102,
        0.0659077291791492,
        0.06402116402116402,
        0.055012853470437016,
        0.06253687315634218
      ]
    },
    "linearsvm": {
      "train": [
        1.0,
        1.0,
        1.0,
        1.0,
        1.0,
        1.0,
        1.0,
        1.0,
        1.0,
        1.0
      ],
      "test": [
        0.3196635120925342,
        0.23005640612409348,
        0.29453441295546556,
        0.2028268551236749,
        0.31625835189309576,
        0.2679403541472507,
        0.34092270820850806,
        0.30317460317460315,
        0.2915167095115681,
        0.3351032448377581
      ]
    },
    "singlerf": {
      "train": [
        0.9979922947528352,
        0.9980391058322595,
        0.9973849087442114,
        0.9976572767270442,
        0.9980037766387915,
        0.9981853175694253,
        0.998285285607116,
        0.9977224662436961,
        0.9970629827042314,
        0.9976389783215283
      ],
      "test": [
        0.052576235541535225,
        0.055197421434327154,
        0.057186234817813764,
        0.04063604240282685,
        0.07126948775055679,
        0.056383970177073625,
        0.0713001797483523,
        0.06084656084656084,
        0.05861182519280206,
        0.061946902654867256
      ]
    }
  },
  "5": {
    "singlerf": {
      "train": [
        0.997449671713061,
        0.9975348759034119,
        0.9972759466085536,
        0.9977144163190674,
        0.9975721607769086,
        0.9975254330492164,
        0.9981781159575608,
        0.997939374220487,
        0.9981507668878494,
        0.9973706804035201
      ],